RecID,x,y,lur
1.0,356980.0,4326300.0,0.7277059196743058
2.0,356449.0,4326830.0,1.4722972646662256
3.0,356313.0,4326390.0,0.42279616648297536
4.0,355906.0,4326690.0,0.7831091422785527
5.0,353813.0,4326460.0,0.3136584963860932
6.0,358465.0,4327670.0,0.3610640319495806
8942.0,356181.89769,4325715.75308,0.31058382103825793
8943.0,356222.03953,4325715.75308,0.31065751417206644
9223.0,356101.614,4325756.00949,0.3107615714003136
9224.0,356141.75584,4325756.00949,0.310861198966828
9225.0,356181.89769,4325756.00949,0.3109659188477777
9226.0,356222.03953,4325756.00949,0.31106626073099874
9506.0,356101.614,4325796.2659,0.311142657794343
9507.0,356141.75584,4325796.2659,0.3112764972654039
9509.0,356222.03953,4325796.2659,0.31153081686442713
9789.0,356101.614,4325836.52231,0.3116903695479999
9792.0,356222.03953,4325836.52231,0.3121642413469935
10072.0,356101.614,4325876.77872,0.3124585527048145
10075.0,356222.03953,4325876.77872,0.3130732204117381
10355.0,356101.614,4325917.035130002,0.3136237338128866
10358.0,356222.03953,4325917.035130002,0.3143823191754793
10638.0,356101.614,4325957.2915400015,0.3154265400336317
10641.0,356222.03953,4325957.2915400015,0.31633809387567985
10921.0,356101.614,4325997.54795,0.318264107737212
10924.0,356222.03953,4325997.54795,0.31931428222087743
10939.0,356824.16719,4325997.54795,0.3295004693946221
10940.0,356864.30904,4325997.54795,0.3355009144957805
10942.0,356944.59271999996,4325997.54795,0.364178555162974
10943.0,356984.73457,4325997.54795,0.3950979350083428
10944.0,357024.87640999997,4325997.54795,0.4469816899175055
10945.0,357065.01826,4325997.54795,0.5322054211812912
10946.0,357105.1601,4325997.54795,0.6638030994801873
11204.0,356101.614,4326037.8043599995,0.3228710649981899
11207.0,356222.03953,4326037.8043599995,0.3239161245342615
11218.0,356663.59982,4326037.8043599995,0.3296036398341435
11219.0,356703.74166,4326037.8043599995,0.32973851812407245
11220.0,356743.8835,4326037.8043599995,0.33068284436689915
11221.0,356784.02535,4326037.8043599995,0.3326815307825225
11222.0,356824.16719,4326037.8043599995,0.3362542015446086
11223.0,356864.30904,4326037.8043599995,0.3426669225992265
11224.0,356904.45088,4326037.8043599995,0.3537866661142459
11225.0,356944.59271999996,4326037.8043599995,0.3725011445433281
11226.0,356984.73457,4326037.8043599995,0.4035333487406066
11227.0,357024.87640999997,4326037.8043599995,0.4551688245817054
11228.0,357065.01826,4326037.8043599995,0.5388585571032987
11229.0,357105.1601,4326037.8043599995,0.6659249195045649
11487.0,356101.614,4326078.060769999,0.3304587541514845
11490.0,356222.03953,4326078.060769999,0.3310074820601003
11501.0,356663.59982,4326078.060769999,0.3403248434539907
11502.0,356703.74166,4326078.060769999,0.3403898647621987
11508.0,356944.59271999996,4326078.060769999,0.3864843960302977
11509.0,356984.73457,4326078.060769999,0.4176886851738367
11512.0,357105.1601,4326078.060769999,0.6677937333376901
11769.0,356061.47216,4326118.31719,0.3398871892470608
11770.0,356101.614,4326118.31719,0.3430471181596977
11771.0,356141.75584,4326118.31719,0.34407630437955905
11772.0,356181.89769,4326118.31719,0.3438512645760661
11773.0,356222.03953,4326118.31719,0.3425806584410697
11785.0,356703.74166,4326118.31719,0.35800186124363115
11786.0,356743.8835,4326118.31719,0.3583337847934671
11787.0,356784.02535,4326118.31719,0.3601669649690151
11788.0,356824.16719,4326118.31719,0.3652940929152539
11789.0,356864.30904,4326118.31719,0.3740629856228013
11790.0,356904.45088,4326118.31719,0.3881730057867322
11791.0,356944.59271999996,4326118.31719,0.4109752864003888
11792.0,356984.73457,4326118.31719,0.44223214122994703
11795.0,357105.1601,4326118.31719,0.6852619163429138
12053.0,356101.614,4326158.5736,0.3644330742364408
12067.0,356663.59982,4326158.5736,0.38244998848189415
12068.0,356703.74166,4326158.5736,0.3870704347942846
12069.0,356743.8835,4326158.5736,0.3872722822515104
12070.0,356784.02535,4326158.5736,0.38963516695274497
12071.0,356824.16719,4326158.5736,0.3956812168333528
12072.0,356864.30904,4326158.5736,0.4064464772015949
12073.0,356904.45088,4326158.5736,0.4242585029478804
12074.0,356944.59271999996,4326158.5736,0.4519844424626138
12075.0,356984.73457,4326158.5736,0.4837110914951217
12076.0,357024.87640999997,4326158.5736,0.5199127868631634
12077.0,357065.01826,4326158.5736,0.5944833863251329
12078.0,357105.1601,4326158.5736,0.7182371420585932
12336.0,356101.614,4326198.83001,0.3976338187507983
12337.0,356141.75584,4326198.83001,0.3915639951159105
12338.0,356181.89769,4326198.83001,0.3916745731616572
12339.0,356222.03953,4326198.83001,0.3834162147051165
12340.0,356262.18138,4326198.83001,0.3800047493500257
12341.0,356302.32321999996,4326198.83001,0.3833047505880556
12342.0,356342.46506,4326198.83001,0.3868382691920116
12343.0,356382.60691,4326198.83001,0.3824144976044483
12344.0,356422.74875,4326198.83001,0.3769296609695542
12345.0,356462.8906,4326198.83001,0.3773192377344951
12346.0,356503.03244,4326198.83001,0.3766093452041745
12347.0,356543.1742800001,4326198.83001,0.37814134368595703
12348.0,356583.31613,4326198.83001,0.3828510061494563
12349.0,356623.45797,4326198.83001,0.38867233087243946
12350.0,356663.59982,4326198.83001,0.3968382256239429
12351.0,356703.74166,4326198.83001,0.3981167949859107
12354.0,356824.16719,4326198.83001,0.4084049390051549
12560.0,353733.24520999996,4326239.08642,0.3567021266633533
12561.0,353773.38705,4326239.08642,0.35777379005525073
12562.0,353813.52889,4326239.08642,0.3643512935744721
12563.0,353853.6707400001,4326239.08642,0.3591564129410176
12564.0,353893.81258,4326239.08642,0.3571992884059461
12565.0,353933.9544300001,4326239.08642,0.3606612352502301
12566.0,353974.09627,4326239.08642,0.3705000678183543
12567.0,354014.23811,4326239.08642,0.3658733752771217
12568.0,354054.37996,4326239.08642,0.3595368944551254
12569.0,354094.5218,4326239.08642,0.36218029474449104
12570.0,354134.66365,4326239.08642,0.3640631196875643
12571.0,354174.80549,4326239.08642,0.36596756413990544
12572.0,354214.94733,4326239.08642,0.3781453514148085
12573.0,354255.08918,4326239.08642,0.37794375186128026
12574.0,354295.23102,4326239.08642,0.3894073767268531
12575.0,354335.37286999996,4326239.08642,0.41661011988955177
12576.0,354375.51471,4326239.08642,0.4628546393015005
12577.0,354415.65655,4326239.08642,0.5201430636862968
12578.0,354455.7984,4326239.08642,0.633472144065367
12579.0,354495.94024,4326239.08642,0.8103406506754014
12580.0,354536.08209,4326239.08642,1.0578949270825544
12581.0,354576.2239300001,4326239.08642,1.4345095943207438
12582.0,354616.36577,4326239.08642,2.0084778128753693
12583.0,354656.50762,4326239.08642,1.9471916088982264
12584.0,354696.64946,4326239.08642,1.3788060060493674
12585.0,354736.79131,4326239.08642,0.986735969220596
12586.0,354776.93315,4326239.08642,0.7370863405510347
12587.0,354817.07499,4326239.08642,0.5892160809748729
12588.0,354857.21684,4326239.08642,0.4960607578902354
12589.0,354897.35868,4326239.08642,0.4465655842920813
12619.0,356101.614,4326239.08642,0.3997375629556027
12620.0,356141.75584,4326239.08642,0.3954141670414769
12621.0,356181.89769,4326239.08642,0.3972229100007984
12622.0,356222.03953,4326239.08642,0.38977274527938016
12623.0,356262.18138,4326239.08642,0.38746155970734186
12624.0,356302.32321999996,4326239.08642,0.39216481914636253
12625.0,356342.46506,4326239.08642,0.3967145435988289
12626.0,356382.60691,4326239.08642,0.3925876516428529
12627.0,356422.74875,4326239.08642,0.3875535952144277
12628.0,356462.8906,4326239.08642,0.3885083123609461
12629.0,356503.03244,4326239.08642,0.38833567123013296
12630.0,356543.1742800001,4326239.08642,0.3898261008031591
12631.0,356583.31613,4326239.08642,0.39413786820680974
12633.0,356663.59982,4326239.08642,0.4021615460305588
12634.0,356703.74166,4326239.08642,0.4039727210437597
12635.0,356743.8835,4326239.08642,0.4085476624497249
12636.0,356784.02535,4326239.08642,0.4162550898907756
12637.0,356824.16719,4326239.08642,0.4287917640775542
12638.0,356864.30904,4326239.08642,0.4477056349251854
12639.0,356904.45088,4326239.08642,0.4737162594872093
12843.0,353733.24520999996,4326279.34283,0.3504522680877825
12872.0,354897.35868,4326279.34283,0.4245038822746901
12907.0,356302.32321999996,4326279.34283,0.3826206266093636
12908.0,356342.46506,4326279.34283,0.3879193508613912
12916.0,356663.59982,4326279.34283,0.4219030557807198
12917.0,356703.74166,4326279.34283,0.43029198049428735
12918.0,356743.8835,4326279.34283,0.4427066587233809
12920.0,356824.16719,4326279.34283,0.4808382205427213
12921.0,356864.30904,4326279.34283,0.5103899780042445
12922.0,356904.45088,4326279.34283,0.5491581495353233
12923.0,356944.59271999996,4326279.34283,0.5940302682546691
13126.0,353733.24520999996,4326319.59924,0.33632223660861216
13155.0,354897.35868,4326319.59924,0.4101024811401421
13190.0,356302.32321999996,4326319.59924,0.3844251268828033
13191.0,356342.46506,4326319.59924,0.3917492626306404
13199.0,356663.59982,4326319.59924,0.466569661315428
13200.0,356703.74166,4326319.59924,0.485087182947311
13201.0,356743.8835,4326319.59924,0.5104274255307031
13202.0,356784.02535,4326319.59924,0.5405914945611925
13203.0,356824.16719,4326319.59924,0.579840118737415
13205.0,356904.45088,4326319.59924,0.6937139598367874
13206.0,356944.59271999996,4326319.59924,0.7684559867022434
13207.0,356984.73457,4326319.59924,0.8505792718333863
13409.0,353733.24520999996,4326359.85565,0.3259799761810696
13438.0,354897.35868,4326359.85565,0.40314117648714143
13473.0,356302.32321999996,4326359.85565,0.3984709184026976
13474.0,356342.46506,4326359.85565,0.4098525345274101
13482.0,356663.59982,4326359.85565,0.5501313281592309
13483.0,356703.74166,4326359.85565,0.5845052068410679
13485.0,356784.02535,4326359.85565,0.6890663199767169
13486.0,356824.16719,4326359.85565,0.7581097516843874
13488.0,356904.45088,4326359.85565,0.9551425730558514
13489.0,356944.59271999996,4326359.85565,1.089411286302364
13692.0,353733.24520999996,4326400.11206,0.3193112574476206
13721.0,354897.35868,4326400.11206,0.4006896310158627
13757.0,356342.46506,4326400.11206,0.445909781363911
13762.0,356543.1742800001,4326400.11206,0.570077761795778
13763.0,356583.31613,4326400.11206,0.6078135456180248
13764.0,356623.45797,4326400.11206,0.6485349103949428
13765.0,356663.59982,4326400.11206,0.6973568216138779
13766.0,356703.74166,4326400.11206,0.7580341276638395
13767.0,356743.8835,4326400.11206,0.8431410692490248
13768.0,356784.02535,4326400.11206,0.9501157500613232
13769.0,356824.16719,4326400.11206,1.0732128124986902
13975.0,353733.24520999996,4326440.36847,0.3152602789622365
13976.0,353773.38705,4326440.36847,0.3151326290118294
13981.0,353974.09627,4326440.36847,0.314456472744411
14004.0,354897.35868,4326440.36847,0.3988963345568525
14026.0,355780.47925,4326440.36847,0.3276566959512705
14027.0,355820.6210900001,4326440.36847,0.33090424692398906
14028.0,355860.76294,4326440.36847,0.33448974257564
14029.0,355900.9047800001,4326440.36847,0.3387372452471563
14030.0,355941.04662,4326440.36847,0.34409535217462633
14031.0,355981.18847,4326440.36847,0.35080606269987913
14032.0,356021.33031,4326440.36847,0.3590412288356638
14033.0,356061.47216,4326440.36847,0.3691110421197488
14034.0,356101.614,4326440.36847,0.3812581457780659
14035.0,356141.75584,4326440.36847,0.3954632364668863
14036.0,356181.89769,4326440.36847,0.4118466240822328
14037.0,356222.03953,4326440.36847,0.4310133170679593
14038.0,356262.18138,4326440.36847,0.4533233148994362
14039.0,356302.32321999996,4326440.36847,0.4791232233675491
14040.0,356342.46506,4326440.36847,0.5085060954052137
14041.0,356382.60691,4326440.36847,0.5415367078476699
14042.0,356422.74875,4326440.36847,0.5783165475959957
14043.0,356462.8906,4326440.36847,0.6199802878731655
14044.0,356503.03244,4326440.36847,0.6659715805889894
14045.0,356543.1742800001,4326440.36847,0.7214882968347635
14046.0,356583.31613,4326440.36847,0.789082152371126
14047.0,356623.45797,4326440.36847,0.8649863027126912
14048.0,356663.59982,4326440.36847,0.953654246871944
14259.0,353773.38705,4326480.62488,0.3127600423168556
14260.0,353813.52889,4326480.62488,0.31265594810479225
14261.0,353853.6707400001,4326480.62488,0.3125094999690976
14262.0,353893.81258,4326480.62488,0.3123977367351857
14263.0,353933.9544300001,4326480.62488,0.3123760041204532
14264.0,353974.09627,4326480.62488,0.3123947578976916
14265.0,354014.23811,4326480.62488,0.3124344011337723
14276.0,354455.7984,4326480.62488,0.6176601386869482
14277.0,354495.94024,4326480.62488,0.8535289961227458
14278.0,354536.08209,4326480.62488,1.2695951405120105
14279.0,354576.2239300001,4326480.62488,1.995992723032182
14280.0,354616.36577,4326480.62488,3.1491946791753267
14281.0,354656.50762,4326480.62488,3.1824026520643365
14282.0,354696.64946,4326480.62488,1.9244774206945832
14283.0,354736.79131,4326480.62488,1.2103818545529423
14284.0,354776.93315,4326480.62488,0.8111111556096349
14285.0,354817.07499,4326480.62488,0.589099083536241
14286.0,354857.21684,4326480.62488,0.4657014010241087
14287.0,354897.35868,4326480.62488,0.3974064785284798
14309.0,355780.47925,4326480.62488,0.33101381522102163
14310.0,355820.6210900001,4326480.62488,0.33579345413945155
14312.0,355900.9047800001,4326480.62488,0.3480109525215102
14313.0,355941.04662,4326480.62488,0.3562152007915592
14314.0,355981.18847,4326480.62488,0.3663985561350511
14315.0,356021.33031,4326480.62488,0.37867397910938105
14320.0,356222.03953,4326480.62488,0.48898703719714
14321.0,356262.18138,4326480.62488,0.5244329483849112
14322.0,356302.32321999996,4326480.62488,0.5659537427546237
14324.0,356382.60691,4326480.62488,0.6691425145817043
14326.0,356462.8906,4326480.62488,0.8034980445300145
14548.0,354014.23811,4326520.88129,0.3112161808514594
14559.0,354455.7984,4326520.88129,0.6012910155011761
14560.0,354495.94024,4326520.88129,0.8279077736686276
14561.0,354536.08209,4326520.88129,1.2306867141585005
14562.0,354576.2239300001,4326520.88129,1.9402717972405634
14570.0,354897.35868,4326520.88129,0.3938403814777185
14593.0,355820.6210900001,4326520.88129,0.34650926955708106
14595.0,355900.9047800001,4326520.88129,0.3659289582424995
14603.0,356222.03953,4326520.88129,0.5875287418107751
14604.0,356262.18138,4326520.88129,0.6447081793460944
14605.0,356302.32321999996,4326520.88129,0.7124587519330063
14607.0,356382.60691,4326520.88129,0.8849062161817767
14831.0,354014.23811,4326561.1377,0.31049928376126384
14842.0,354455.7984,4326561.1377,0.5768613549571805
14843.0,354495.94024,4326561.1377,0.78132280006124
14845.0,354576.2239300001,4326561.1377,1.7355921226527062
14853.0,354897.35868,4326561.1377,0.3890597472879741
14854.0,354937.50053,4326561.1377,0.3547732097367997
14876.0,355820.6210900001,4326561.1377,0.3662033810122547
14878.0,355900.9047800001,4326561.1377,0.3980117218329799
14886.0,356222.03953,4326561.1377,0.7560577611222451
14887.0,356262.18138,4326561.1377,0.8498209662931339
14888.0,356302.32321999996,4326561.1377,0.9620244902288488
14889.0,356342.46506,4326561.1377,1.0954747473916238
14890.0,356382.60691,4326561.1377,1.2536030314100244
15114.0,354014.23811,4326601.39411,0.3100916062346116
15125.0,354455.7984,4326601.39411,0.5525605803374075
15126.0,354495.94024,4326601.39411,0.733429399620803
15128.0,354576.2239300001,4326601.39411,1.5661924811885697
15136.0,354897.35868,4326601.39411,0.3850566353973357
15137.0,354937.50053,4326601.39411,0.3525693026487773
15144.0,355218.4934300001,4326601.39411,0.314189637614022
15145.0,355258.6352800001,4326601.39411,0.3150638055448325
15146.0,355298.77712,4326601.39411,0.3161671083732417
15147.0,355338.91897,4326601.39411,0.3174958184863928
15148.0,355379.06081,4326601.39411,0.3191013326582642
15149.0,355419.20265,4326601.39411,0.321100009983734
15150.0,355459.3445,4326601.39411,0.32352868899411297
15151.0,355499.48634,4326601.39411,0.3264962594365592
15152.0,355539.62818,4326601.39411,0.3301241509679642
15153.0,355579.77003,4326601.39411,0.3345958579689414
15154.0,355619.9118699999,4326601.39411,0.3400394535942918
15155.0,355660.05371999997,4326601.39411,0.3466805271109567
15156.0,355700.19555999996,4326601.39411,0.3548263562771584
15157.0,355740.3374,4326601.39411,0.3666596573286165
15158.0,355780.47925,4326601.39411,0.38176120495389615
15159.0,355820.6210900001,4326601.39411,0.40088496464625
15160.0,355860.76294,4326601.39411,0.4251242345499856
15161.0,355900.9047800001,4326601.39411,0.4544725642692286
15162.0,355941.04662,4326601.39411,0.4880886004445772
15163.0,355981.18847,4326601.39411,0.529553327107419
15164.0,356021.33031,4326601.39411,0.580674197534521
15165.0,356061.47216,4326601.39411,0.6418095872597224
15166.0,356101.614,4326601.39411,0.7162920339048043
15169.0,356222.03953,4326601.39411,1.0471785583044009
15171.0,356302.32321999996,4326601.39411,1.3916248786370502
15172.0,356342.46506,4326601.39411,1.458512922086424
15397.0,354014.23811,4326641.65052,0.31051174073813576
15408.0,354455.7984,4326641.65052,0.5321476493089491
15409.0,354495.94024,4326641.65052,0.6976867434111375
15411.0,354576.2239300001,4326641.65052,1.4629247427453405
15419.0,354897.35868,4326641.65052,0.3821000350321608
15420.0,354937.50053,4326641.65052,0.35140904569359643
15427.0,355218.4934300001,4326641.65052,0.3168404575425148
15439.0,355700.19555999996,4326641.65052,0.3855291955651507
15444.0,355900.9047800001,4326641.65052,0.5531572909833112
15445.0,355941.04662,4326641.65052,0.6101177686994318
15446.0,355981.18847,4326641.65052,0.6797892101859306
15449.0,356101.614,4326641.65052,0.9946467617410878
15452.0,356222.03953,4326641.65052,1.3909090672210531
15680.0,354014.23811,4326681.9069300005,0.31088881801944906
15691.0,354455.7984,4326681.9069300005,0.5226132332716226
15692.0,354495.94024,4326681.9069300005,0.6765846984491747
15693.0,354536.08209,4326681.9069300005,0.9448805982406072
15694.0,354576.2239300001,4326681.9069300005,1.4106320294022414
15702.0,354897.35868,4326681.9069300005,0.3834742109991449
15703.0,354937.50053,4326681.9069300005,0.3518858083687534
15710.0,355218.4934300001,4326681.9069300005,0.3218620967374796
15722.0,355700.19555999996,4326681.9069300005,0.4399312196111453
15735.0,356222.03953,4326681.9069300005,1.3987442489799768
15963.0,354014.23811,4326722.16334,0.3116909384330834
15975.0,354495.94024,4326722.16334,0.6748238707403823
15976.0,354536.08209,4326722.16334,0.9377892007746716
15977.0,354576.2239300001,4326722.16334,1.3980866021820224
15984.0,354857.21684,4326722.16334,0.4415868122808301
15985.0,354897.35868,4326722.16334,0.3874174237533973
15986.0,354937.50053,4326722.16334,0.3568948793663867
15993.0,355218.4934300001,4326722.16334,0.3308910238551428
15994.0,355258.6352800001,4326722.16334,0.3354907087165212
15995.0,355298.77712,4326722.16334,0.3411119282832351
15996.0,355338.91897,4326722.16334,0.3479500762116333
15997.0,355379.06081,4326722.16334,0.3562937845354224
15998.0,355419.20265,4326722.16334,0.3664562680284903
15999.0,355459.3445,4326722.16334,0.3788007835398837
16000.0,355499.48634,4326722.16334,0.3939044626085272
16001.0,355539.62818,4326722.16334,0.4123264741391183
16002.0,355579.77003,4326722.16334,0.4347738229950269
16003.0,355619.9118699999,4326722.16334,0.4621463480226644
16004.0,355660.05371999997,4326722.16334,0.4955134364172993
16005.0,355700.19555999996,4326722.16334,0.536172183939062
16018.0,356222.03953,4326722.16334,1.4037304740399152
16246.0,354014.23811,4326762.41975,0.31322249048303397
16258.0,354495.94024,4326762.41975,0.6898252616116942
16260.0,354576.2239300001,4326762.41975,1.4246842905499573
16266.0,354817.07499,4326762.41975,0.5508421345069237
16267.0,354857.21684,4326762.41975,0.4546533354387429
16268.0,354897.35868,4326762.41975,0.3981803974099509
16269.0,354937.50053,4326762.41975,0.3644733862443323
16288.0,355700.19555999996,4326762.41975,0.7065161140834625
16301.0,356222.03953,4326762.41975,1.4053294191976369
16529.0,354014.23811,4326802.67616,0.31603609519770226
16541.0,354495.94024,4326802.67616,0.7247571000871894
16543.0,354576.2239300001,4326802.67616,1.4982468052402544
16548.0,354776.93315,4326802.67616,0.7644297026509524
16549.0,354817.07499,4326802.67616,0.5841594345323173
16551.0,354897.35868,4326802.67616,0.4156447144821495
16552.0,354937.50053,4326802.67616,0.3798804599192737
16584.0,356222.03953,4326802.67616,1.4031823366731868
16585.0,356262.18138,4326802.67616,1.4343804030340797
16587.0,356342.46506,4326802.67616,1.5233475971188488
16588.0,356382.60691,4326802.67616,1.5858235505849565
16589.0,356422.74875,4326802.67616,1.6621795588726829
16590.0,356462.8906,4326802.67616,1.7513546747258102
16591.0,356503.03244,4326802.67616,1.8347249429879764
16592.0,356543.1742800001,4326802.67616,1.8425822677292099
16593.0,356583.31613,4326802.67616,1.7686674286845918
16594.0,356623.45797,4326802.67616,1.6874065188162493
16595.0,356663.59982,4326802.67616,1.6230986864035435
16596.0,356703.74166,4326802.67616,1.5807989328881995
16597.0,356743.8835,4326802.67616,1.564661556327663
16598.0,356784.02535,4326802.67616,1.578822000831391
16599.0,356824.16719,4326802.67616,1.5569824516260422
16600.0,356864.30904,4326802.67616,1.4217421398080596
16812.0,354014.23811,4326842.932569998,0.32102635037779104
16824.0,354495.94024,4326842.932569998,0.7828031741067846
16826.0,354576.2239300001,4326842.932569998,1.6296051279861554
16829.0,354696.64946,4326842.932569998,1.7568533567866005
16830.0,354736.79131,4326842.932569998,1.1843133220657975
16831.0,354776.93315,4326842.932569998,0.8398721751438418
16834.0,354897.35868,4326842.932569998,0.4438622747323322
16835.0,354937.50053,4326842.932569998,0.4034884321301835
16867.0,356222.03953,4326842.932569998,1.1579581682586952
16868.0,356262.18138,4326842.932569998,1.0725195771342575
16869.0,356302.32321999996,4326842.932569998,1.0635315638309455
16870.0,356342.46506,4326842.932569998,1.12595119414552
16871.0,356382.60691,4326842.932569998,1.1916160325210654
16872.0,356422.74875,4326842.932569998,1.2657309295143708
16873.0,356462.8906,4326842.932569998,1.3408148169962748
16874.0,356503.03244,4326842.932569998,1.3950028386711741
16875.0,356543.1742800001,4326842.932569998,1.398863077517628
16876.0,356583.31613,4326842.932569998,1.360934630279625
16877.0,356623.45797,4326842.932569998,1.3063765743169324
16878.0,356663.59982,4326842.932569998,1.2551588094845336
16879.0,356703.74166,4326842.932569998,1.2167334892020192
16880.0,356743.8835,4326842.932569998,1.1945668928936712
16881.0,356784.02535,4326842.932569998,1.1759009147593478
16882.0,356824.16719,4326842.932569998,1.065841775635889
16883.0,356864.30904,4326842.932569998,1.0012118524704887
16884.0,356904.45088,4326842.932569998,0.9723904084503896
16885.0,356944.59271999996,4326842.932569998,0.9201101476665844
17095.0,354014.23811,4326883.18898,0.3298771598750841
17107.0,354495.94024,4326883.18898,0.8671824976361446
17108.0,354536.08209,4326883.18898,1.219851149625569
17109.0,354576.2239300001,4326883.18898,1.8136819639719848
17111.0,354656.50762,4326883.18898,3.0285233943804486
17112.0,354696.64946,4326883.18898,1.9846156313062344
17118.0,354937.50053,4326883.18898,0.44222130661336667
17150.0,356222.03953,4326883.18898,0.8249801452331428
17151.0,356262.18138,4326883.18898,0.7862827129964975
17152.0,356302.32321999996,4326883.18898,0.7851722531299248
17157.0,356503.03244,4326883.18898,1.0089805822695481
17167.0,356904.45088,4326883.18898,0.7116013136623819
17168.0,356944.59271999996,4326883.18898,0.6737934139586992
17378.0,354014.23811,4326923.44539,0.3455751331376047
17389.0,354455.7984,4326923.44539,0.7412298808833936
17390.0,354495.94024,4326923.44539,0.968555944621142
17391.0,354536.08209,4326923.44539,1.3369605850848314
17392.0,354576.2239300001,4326923.44539,1.9051312614967588
17393.0,354616.36577,4326923.44539,2.6354531134094445
17394.0,354656.50762,4326923.44539,2.7696036323348574
17401.0,354937.50053,4326923.44539,0.5072395193955087
17435.0,356302.32321999996,4326923.44539,0.6223844477193463
17440.0,356503.03244,4326923.44539,0.7748614862652788
17661.0,354014.23811,4326963.7018,0.37330393350077856
17671.0,354415.65655,4326963.7018,0.7085464305104612
17672.0,354455.7984,4326963.7018,0.8581587717091996
17673.0,354495.94024,4326963.7018,1.0975065513894242
17674.0,354536.08209,4326963.7018,1.4642210453756463
17675.0,354576.2239300001,4326963.7018,1.970624348903263
17684.0,354937.50053,4326963.7018,0.6185815991476052
17718.0,356302.32321999996,4326963.7018,0.5238802988236725
17719.0,356342.46506,4326963.7018,0.5481481400384339
17723.0,356503.03244,4326963.7018,0.6289951427588464
17944.0,354014.23811,4327003.95821,0.4222934659657296
17952.0,354335.37286999996,4327003.95821,0.7214864660685951
17953.0,354375.51471,4327003.95821,0.7836360765097933
17954.0,354415.65655,4327003.95821,0.8855016569570539
17955.0,354455.7984,4327003.95821,1.051351970702598
17956.0,354495.94024,4327003.95821,1.3145591676064508
17957.0,354536.08209,4327003.95821,1.7111971330423623
17967.0,354937.50053,4327003.95821,0.8144483051850071
18002.0,356342.46506,4327003.95821,0.4798018868868405
18006.0,356503.03244,4327003.95821,0.5352591181068402
18030.0,357466.4367,4327003.95821,0.5088051693601444
18031.0,357506.57854,4327003.95821,0.4299742349005372
18032.0,357546.72038,4327003.95821,0.3813218027117189
18033.0,357586.86223,4327003.95821,0.3518424468026459
18034.0,357627.00406999997,4327003.95821,0.3343694612502979
18035.0,357667.14592,4327003.95821,0.32406534813758403
18036.0,357707.28776,4327003.95821,0.3180476750199945
18037.0,357747.4296,4327003.95821,0.3146156665148476
18038.0,357787.57145,4327003.95821,0.3121915551831291
18039.0,357827.71329,4327003.95821,0.3106726415634812
18040.0,357867.85514,4327003.95821,0.31005003107469536
18227.0,354014.23811,4327044.21462,0.5089483981240334
18228.0,354054.37996,4327044.21462,0.5523794527342808
18229.0,354094.5218,4327044.21462,0.6031751602148058
18230.0,354134.66365,4327044.21462,0.6649519418878472
18231.0,354174.80549,4327044.21462,0.7438063317390397
18232.0,354214.94733,4327044.21462,0.8134069884231014
18233.0,354255.08918,4327044.21462,0.8888113523546394
18234.0,354295.23102,4327044.21462,0.9429786807596199
18235.0,354335.37286999996,4327044.21462,1.0053492909896244
18236.0,354375.51471,4327044.21462,1.0768960379417585
18237.0,354415.65655,4327044.21462,1.1927320634055645
18238.0,354455.7984,4327044.21462,1.3818289431675488
18250.0,354937.50053,4327044.21462,1.1646401870368468
18285.0,356342.46506,4327044.21462,0.4345339689567469
18289.0,356503.03244,4327044.21462,0.4730383789295991
18313.0,357466.4367,4327044.21462,0.5139520901340353
18320.0,357747.4296,4327044.21462,0.3147069452419912
18323.0,357867.85514,4327044.21462,0.3101059412263053
18324.0,357907.99698,4327044.21462,0.31003748976064543
18325.0,357948.13882,4327044.21462,0.3099781684167677
18533.0,354937.50053,4327084.4710300015,1.3843834519128335
18568.0,356342.46506,4327084.4710300015,0.4033815616497495
18572.0,356503.03244,4327084.4710300015,0.4300542365528183
18595.0,357426.29485,4327084.4710300015,0.6662312859711037
18596.0,357466.4367,4327084.4710300015,0.5275788245206635
18603.0,357747.4296,4327084.4710300015,0.31444914327590523
18608.0,357948.13882,4327084.4710300015,0.31003580489364463
18609.0,357988.28067,4327084.4710300015,0.3099782952313552
18816.0,354937.50053,4327124.7274400005,1.3828331587310916
18851.0,356342.46506,4327124.7274400005,0.3811895627643522
18852.0,356382.60691,4327124.7274400005,0.38784415487229096
18853.0,356422.74875,4327124.7274400005,0.393550625821701
18854.0,356462.8906,4327124.7274400005,0.39781755731796703
18855.0,356503.03244,4327124.7274400005,0.4001295886908224
18877.0,357386.15301,4327124.7274400005,0.9493938269380771
18878.0,357426.29485,4327124.7274400005,0.7037810743102706
18886.0,357747.4296,4327124.7274400005,0.3146825331674026
18891.0,357948.13882,4327124.7274400005,0.3101067030865917
19099.0,354937.50053,4327164.98385,1.3795463291222134
19134.0,356342.46506,4327164.98385,0.3649149222596544
19160.0,357386.15301,4327164.98385,1.004254952159934
19169.0,357747.4296,4327164.98385,0.3148490658011264
19174.0,357948.13882,4327164.98385,0.3101934156456376
19382.0,354937.50053,4327205.240259999,1.375960364553478
19443.0,357386.15301,4327205.240259999,1.0085285518488185
19452.0,357747.4296,4327205.240259999,0.3152859167392083
19457.0,357948.13882,4327205.240259999,0.31029871479358
19665.0,354937.50053,4327245.496669998,1.3728888470840654
19726.0,357386.15301,4327245.496669998,0.9446351555506368
19735.0,357747.4296,4327245.496669998,0.3155544164442436
19740.0,357948.13882,4327245.496669998,0.3104255092674149
19948.0,354937.50053,4327285.75308,1.369916741672866
20009.0,357386.15301,4327285.75308,0.9111097664318372
20018.0,357747.4296,4327285.75308,0.3160973130399267
20023.0,357948.13882,4327285.75308,0.31080562900882125
20231.0,354937.50053,4327326.00949,1.367824511263319
20292.0,357386.15301,4327326.00949,0.9325802062222684
20301.0,357747.4296,4327326.00949,0.31687471503621056
20306.0,357948.13882,4327326.00949,0.3113953843851486
20514.0,354937.50053,4327366.2659,1.3667790346037778
20575.0,357386.15301,4327366.2659,1.0079761866046095
20584.0,357747.4296,4327366.2659,0.31823735436816103
20589.0,357948.13882,4327366.2659,0.3121096209370339
20797.0,354937.50053,4327406.52231,1.3663314290071105
20856.0,357305.86932,4327406.52231,1.066421954239915
20858.0,357386.15301,4327406.52231,1.0745658068798267
20861.0,357506.57854,4327406.52231,0.4747792627525603
20862.0,357546.72038,4327406.52231,0.4077245411204964
20863.0,357586.86223,4327406.52231,0.36860335799858907
20864.0,357627.00406999997,4327406.52231,0.3456863434904011
20865.0,357667.14592,4327406.52231,0.3325153842084494
20866.0,357707.28776,4327406.52231,0.3248044152531252
20867.0,357747.4296,4327406.52231,0.31976203466760905
20868.0,357787.57145,4327406.52231,0.3169864474952553
20869.0,357827.71329,4327406.52231,0.31542817724755245
20870.0,357867.85514,4327406.52231,0.31384792127223915
20871.0,357907.99698,4327406.52231,0.3135550622676934
20872.0,357948.13882,4327406.52231,0.31324880473006234
20873.0,357988.28067,4327406.52231,0.3129861986237329
20874.0,358028.42251,4327406.52231,0.3127022165753492
20875.0,358068.56436,4327406.52231,0.3124586639323905
21080.0,354937.50053,4327446.77872,1.366062759215645
21150.0,357747.4296,4327446.77872,0.3225698165399132
21151.0,357787.57145,4327446.77872,0.3192875144069198
21155.0,357948.13882,4327446.77872,0.31517004548395505
21363.0,354937.50053,4327487.035130002,1.3660653892357009
21433.0,357747.4296,4327487.035130002,0.3262351872153373
21434.0,357787.57145,4327487.035130002,0.3229422154018877
21438.0,357948.13882,4327487.035130002,0.3182977014742697
21646.0,354937.50053,4327527.2915400015,1.3662938206164648
21716.0,357747.4296,4327527.2915400015,0.3320712021014854
21721.0,357948.13882,4327527.2915400015,0.3237499629506136
21929.0,354937.50053,4327567.54795,1.3675262079516677
21999.0,357747.4296,4327567.54795,0.34155570064085183
22004.0,357948.13882,4327567.54795,0.3327528790595815
22005.0,357988.28067,4327567.54795,0.3314492255455472
22006.0,358028.42251,4327567.54795,0.3299979642589889
22007.0,358068.56436,4327567.54795,0.3289442999912011
22008.0,358108.7062,4327567.54795,0.3283773414625005
22009.0,358148.84804,4327567.54795,0.3280884738635617
22010.0,358188.98989,4327567.54795,0.32780016812599666
22011.0,358229.13173,4327567.54795,0.32726203055018915
22012.0,358269.27356999996,4327567.54795,0.326808200546745
22013.0,358309.41542,4327567.54795,0.3263136432407703
22014.0,358349.55726,4327567.54795,0.3256197092182626
22015.0,358389.69911,4327567.54795,0.3248053761874599
22016.0,358429.84095,4327567.54795,0.32418242433292305
22017.0,358469.9827900001,4327567.54795,0.32393396595031204
22018.0,358510.12464,4327567.54795,0.3241422533296203
22019.0,358550.26648,4327567.54795,0.3245788335648338
22040.0,359393.24520999996,4327567.54795,0.7533539904727866
22041.0,359433.38705,4327567.54795,0.5923201281454987
22212.0,354937.50053,4327607.8043599995,1.3692872587122933
22282.0,357747.4296,4327607.8043599995,0.3575358602382266
22287.0,357948.13882,4327607.8043599995,0.3478460937359308
22292.0,358148.84804,4327607.8043599995,0.3408686916290865
22302.0,358550.26648,4327607.8043599995,0.3348141977032516
22323.0,359393.24520999996,4327607.8043599995,0.7624794999557607
22324.0,359433.38705,4327607.8043599995,0.6087551968323893
22495.0,354937.50053,4327648.060769999,1.3719439760205392
22565.0,357747.4296,4327648.060769999,0.3842586548069356
22570.0,357948.13882,4327648.060769999,0.3728455491513032
22571.0,357988.28067,4327648.060769999,0.3695198891004597
22572.0,358028.42251,4327648.060769999,0.3648172249635518
22573.0,358068.56436,4327648.060769999,0.3621088737518204
22574.0,358108.7062,4327648.060769999,0.36191935442040585
22575.0,358148.84804,4327648.060769999,0.3627425826515179
22576.0,358188.98989,4327648.060769999,0.36219405971795454
22577.0,358229.13173,4327648.060769999,0.35999325821493705
22578.0,358269.27356999996,4327648.060769999,0.3585639288179233
22579.0,358309.41542,4327648.060769999,0.3582975194361851
22580.0,358349.55726,4327648.060769999,0.3566172443683096
22581.0,358389.69911,4327648.060769999,0.3532073161171774
22582.0,358429.84095,4327648.060769999,0.3500604305523852
22583.0,358469.9827900001,4327648.060769999,0.3490142475554005
22584.0,358510.12464,4327648.060769999,0.3502382109272301
22585.0,358550.26648,4327648.060769999,0.3523370815137515
22606.0,359393.24520999996,4327648.060769999,0.7730314789335899
22778.0,354937.50053,4327688.31719,1.3761034841121498
22779.0,354977.64236999996,4327688.31719,1.3396300091506548
22848.0,357747.4296,4327688.31719,0.4305978430310662
22853.0,357948.13882,4327688.31719,0.4127880431935999
22854.0,357988.28067,4327688.31719,0.4080652214341367
22855.0,358028.42251,4327688.31719,0.3991245623994013
22856.0,358068.56436,4327688.31719,0.3944637041557738
22857.0,358108.7062,4327688.31719,0.3960841401625326
22858.0,358148.84804,4327688.31719,0.4002876022957111
22859.0,358188.98989,4327688.31719,0.3986280283266552
22860.0,358229.13173,4327688.31719,0.3918668700892462
22868.0,358550.26648,4327688.31719,0.3823775559845777
22888.0,359353.10336,4327688.31719,0.8212949897476418
22889.0,359393.24520999996,4327688.31719,0.8563736394865927
22890.0,359433.38705,4327688.31719,0.6974674600091288
22891.0,359473.52889,4327688.31719,0.5777915801288201
23061.0,354937.50053,4327728.5736,1.3829169340451053
23131.0,357747.4296,4327728.5736,0.5114086088048359
23151.0,358550.26648,4327728.5736,0.43336744955296297
23157.0,358791.11755,4327728.5736,0.39437007137395175
23158.0,358831.25939,4327728.5736,0.3907281225090428
23159.0,358871.40123,4327728.5736,0.3977932455555777
23160.0,358911.5430800001,4327728.5736,0.40123095133558817
23161.0,358951.68491999997,4327728.5736,0.4068795539970481
23162.0,358991.82677,4327728.5736,0.4047564064500657
23163.0,359031.96861,4327728.5736,0.4103216558973771
23164.0,359072.11045,4327728.5736,0.4274521655014414
23165.0,359112.2523,4327728.5736,0.4431712251661576
23166.0,359152.39414,4327728.5736,0.4658792488338173
23167.0,359192.53599,4327728.5736,0.4997877659838509
23168.0,359232.67783,4327728.5736,0.559443777200979
23169.0,359272.81967,4327728.5736,0.6605957933656813
23170.0,359312.9615199999,4327728.5736,0.7924841084475244
23171.0,359353.10336,4327728.5736,0.962808804090809
23172.0,359393.24520999996,4327728.5736,1.0023114795570378
23173.0,359433.38705,4327728.5736,0.8083413771460075
23174.0,359473.52889,4327728.5736,0.6553418894501123
23344.0,354937.50053,4327768.83001,1.2348027264956407
23392.0,356864.30904,4327768.83001,0.7333656535795552
23393.0,356904.45088,4327768.83001,0.7484669731475936
23394.0,356944.59271999996,4327768.83001,0.7735696985854008
23395.0,356984.73457,4327768.83001,0.8133450927811401
23396.0,357024.87640999997,4327768.83001,0.7542181525270296
23397.0,357065.01826,4327768.83001,0.6476975237131625
23398.0,357105.1601,4327768.83001,0.6339186006351534
23399.0,357145.3019400001,4327768.83001,0.632083559143053
23400.0,357185.44379,4327768.83001,0.6838334080591841
23401.0,357225.5856300001,4327768.83001,0.8217691153266512
23402.0,357265.72748,4327768.83001,1.0723006375989137
23403.0,357305.86932,4327768.83001,1.3793470025187786
23404.0,357346.01116,4327768.83001,1.8391031588415176
23405.0,357386.15301,4327768.83001,1.466163518495465
23406.0,357426.29485,4327768.83001,1.14820359378615
23407.0,357466.4367,4327768.83001,0.9389418624438612
23408.0,357506.57854,4327768.83001,0.8100248723532092
23409.0,357546.72038,4327768.83001,0.6893934453318841
23410.0,357586.86223,4327768.83001,0.6204295400670188
23411.0,357627.00406999997,4327768.83001,0.5835491648586002
23412.0,357667.14592,4327768.83001,0.5687457788288541
23413.0,357707.28776,4327768.83001,0.5736050544296698
23414.0,357747.4296,4327768.83001,0.6011505235698772
23415.0,357787.57145,4327768.83001,0.5748320020777098
23416.0,357827.71329,4327768.83001,0.5182932828879454
23417.0,357867.85514,4327768.83001,0.5014932690635682
23418.0,357907.99698,4327768.83001,0.5129497584620334
23419.0,357948.13882,4327768.83001,0.504280576269845
23420.0,357988.28067,4327768.83001,0.511160333864765
23421.0,358028.42251,4327768.83001,0.4920789900305808
23422.0,358068.56436,4327768.83001,0.4785544885830187
23423.0,358108.7062,4327768.83001,0.4836469238118888
23424.0,358148.84804,4327768.83001,0.5052521370489225
23425.0,358188.98989,4327768.83001,0.488810751845293
23426.0,358229.13173,4327768.83001,0.4610542860363526
23427.0,358269.27356999996,4327768.83001,0.4558699728143498
23428.0,358309.41542,4327768.83001,0.4714977150990745
23429.0,358349.55726,4327768.83001,0.4778980346070888
23430.0,358389.69911,4327768.83001,0.4472924337915002
23431.0,358429.84095,4327768.83001,0.4295235972949576
23432.0,358469.9827900001,4327768.83001,0.4242630540988089
23433.0,358510.12464,4327768.83001,0.4295219613170471
23434.0,358550.26648,4327768.83001,0.44539276872277817
23435.0,358590.40833,4327768.83001,0.4251403962226177
23436.0,358630.55017,4327768.83001,0.4121289513115221
23437.0,358670.69201,4327768.83001,0.41157159491804657
23438.0,358710.83386,4327768.83001,0.4023036308058223
23439.0,358750.9757,4327768.83001,0.4029254957098527
23440.0,358791.11755,4327768.83001,0.3987878819094348
23441.0,358831.25939,4327768.83001,0.39563136314068137
23442.0,358871.40123,4327768.83001,0.4028814176985341
23443.0,358911.5430800001,4327768.83001,0.4080758688632165
23444.0,358951.68491999997,4327768.83001,0.4141408800609189
23445.0,358991.82677,4327768.83001,0.4148296871975176
23446.0,359031.96861,4327768.83001,0.4217358128988188
23447.0,359072.11045,4327768.83001,0.44122743217306265
23448.0,359112.2523,4327768.83001,0.4599372301976081
23449.0,359152.39414,4327768.83001,0.4864793801121242
23450.0,359192.53599,4327768.83001,0.5270480158146623
23451.0,359232.67783,4327768.83001,0.6001412085258783
23452.0,359272.81967,4327768.83001,0.7278602375837306
23453.0,359312.9615199999,4327768.83001,0.908311803300066
23454.0,359353.10336,4327768.83001,1.1337004302107987
23455.0,359393.24520999996,4327768.83001,1.1710757616827867
23456.0,359433.38705,4327768.83001,0.9331773058263102
23457.0,359473.52889,4327768.83001,0.7274208612275345
23627.0,354937.50053,4327809.08642,1.2635354038814963
23675.0,356864.30904,4327809.08642,0.6200487668445928
23676.0,356904.45088,4327809.08642,0.6289782649577359
23677.0,356944.59271999996,4327809.08642,0.6441580027576401
23697.0,357747.4296,4327809.08642,0.4915384282886766
23707.0,358148.84804,4327809.08642,0.4453679412011629
23717.0,358550.26648,4327809.08642,0.3973545759646318
23727.0,358951.68491999997,4327809.08642,0.4070439502547816
23910.0,354937.50053,4327849.34283,1.3059272644757474
23980.0,357747.4296,4327849.34283,0.4272108094915656
23990.0,358148.84804,4327849.34283,0.42700955464763535
23991.0,358188.98989,4327849.34283,0.4268067803013164
23992.0,358229.13173,4327849.34283,0.4238264422569145
23993.0,358269.27356999996,4327849.34283,0.4221741954587988
23994.0,358309.41542,4327849.34283,0.4207491253442677
23995.0,358349.55726,4327849.34283,0.4094120109403549
23996.0,358389.69911,4327849.34283,0.3927153223710973
24000.0,358550.26648,4327849.34283,0.3736886259562415
24010.0,358951.68491999997,4327849.34283,0.4176676842811666
24193.0,354937.50053,4327889.59924,1.3728361635453448
24263.0,357747.4296,4327889.59924,0.39510884211472497
24273.0,358148.84804,4327889.59924,0.4470015515861229
24283.0,358550.26648,4327889.59924,0.3697958798907631
24293.0,358951.68491999997,4327889.59924,0.4537501519329938
24476.0,354937.50053,4327929.85565,1.4807039687627694
24478.0,355017.78421,4327929.85565,0.8233855029897313
24479.0,355057.92605999997,4327929.85565,0.6916688758823161
24546.0,357747.4296,4327929.85565,0.3844090493460555
24556.0,358148.84804,4327929.85565,0.5127652378910307
24566.0,358550.26648,4327929.85565,0.3852552531367373
24576.0,358951.68491999997,4327929.85565,0.5278809685515276
24759.0,354937.50053,4327970.11206,1.657467123511509
24760.0,354977.64236999996,4327970.11206,1.2302804027622651
24761.0,355017.78421,4327970.11206,0.9787904738423574
24762.0,355057.92605999997,4327970.11206,0.8397609568695912
24829.0,357747.4296,4327970.11206,0.3902925456285726
24839.0,358148.84804,4327970.11206,0.6368134117787887
24840.0,358188.98989,4327970.11206,0.6384945820575311
24841.0,358229.13173,4327970.11206,0.6396699540985153
24842.0,358269.27356999996,4327970.11206,0.6412569367768048
24846.0,358429.84095,4327970.11206,0.3985163753910478
24847.0,358469.9827900001,4327970.11206,0.4056605307722605
24848.0,358510.12464,4327970.11206,0.4145479659364887
24849.0,358550.26648,4327970.11206,0.42567296348040495
24859.0,358951.68491999997,4327970.11206,0.6658812714070244
25042.0,354937.50053,4328010.36847,1.733790497716022
25043.0,354977.64236999996,4328010.36847,1.4449015265801404
25044.0,355017.78421,4328010.36847,1.1841628138640892
25112.0,357747.4296,4328010.36847,0.4117788417864544
25132.0,358550.26648,4328010.36847,0.5042901704668381
25142.0,358951.68491999997,4328010.36847,0.7899923631571885
25293.0,353652.9615199999,4328050.62488,1.798897923751676
25294.0,353693.10336,4328050.62488,1.7571694870778762
25295.0,353733.24520999996,4328050.62488,1.7354159433021947
25296.0,353773.38705,4328050.62488,1.7291256825560692
25297.0,353813.52889,4328050.62488,1.7423076781803932
25298.0,353853.6707400001,4328050.62488,1.780725002420126
25299.0,353893.81258,4328050.62488,1.8472116247478128
25300.0,353933.9544300001,4328050.62488,1.847861927563301
25301.0,353974.09627,4328050.62488,1.8223535937807152
25302.0,354014.23811,4328050.62488,1.7305554983779423
25303.0,354054.37996,4328050.62488,1.7464536423503416
25304.0,354094.5218,4328050.62488,1.8099188912467656
25305.0,354134.66365,4328050.62488,1.989244308516316
25306.0,354174.80549,4328050.62488,1.8808113008108989
25307.0,354214.94733,4328050.62488,1.8523761761549136
25308.0,354255.08918,4328050.62488,1.7692117005837782
25309.0,354295.23102,4328050.62488,1.7204027317592403
25310.0,354335.37286999996,4328050.62488,1.7219410435220186
25311.0,354375.51471,4328050.62488,1.7800036790669749
25312.0,354415.65655,4328050.62488,1.9196789107882135
25313.0,354455.7984,4328050.62488,2.1974074038859737
25314.0,354495.94024,4328050.62488,2.7083261479391028
25315.0,354536.08209,4328050.62488,3.4204340534122184
25316.0,354576.2239300001,4328050.62488,4.20207426234501
25317.0,354616.36577,4328050.62488,5.812238417193067
25318.0,354656.50762,4328050.62488,7.566852192165482
25319.0,354696.64946,4328050.62488,5.4761595325497545
25320.0,354736.79131,4328050.62488,3.924222538973459
25321.0,354776.93315,4328050.62488,3.03589085098848
25322.0,354817.07499,4328050.62488,2.4047630388267587
25323.0,354857.21684,4328050.62488,2.00627520875442
25324.0,354897.35868,4328050.62488,1.8109705632172366
25325.0,354937.50053,4328050.62488,1.776592807353902
25395.0,357747.4296,4328050.62488,0.4500166861550784
25396.0,357787.57145,4328050.62488,0.4827232398265137
25415.0,358550.26648,4328050.62488,0.6482043809581234
25416.0,358590.40833,4328050.62488,0.6836957123230535
25425.0,358951.68491999997,4328050.62488,0.8983086455482711
25555.0,352809.9827900001,4328090.88129,1.1053505505379084
25556.0,352850.12464,4328090.88129,1.185086025141522
25557.0,352890.26648,4328090.88129,1.235335490968169
25558.0,352930.40833,4328090.88129,1.264740495900608
25559.0,352970.55017,4328090.88129,1.2699419351052823
25560.0,353010.69201,4328090.88129,1.30825958184845
25561.0,353050.83386,4328090.88129,1.31188274074867
25562.0,353090.9757,4328090.88129,1.3071503249421141
25563.0,353131.11755,4328090.88129,1.2819612142830592
25564.0,353171.25939,4328090.88129,1.2450268016587167
25565.0,353211.40123,4328090.88129,1.2352499516685902
25566.0,353251.5430800001,4328090.88129,1.2528099952839544
25567.0,353291.68491999997,4328090.88129,1.3019159772570548
25568.0,353331.82677,4328090.88129,1.3391549532527327
25569.0,353371.96861,4328090.88129,1.2790601840431246
25570.0,353412.11045,4328090.88129,1.2784204680374471
25571.0,353452.2523,4328090.88129,1.2592253884737472
25572.0,353492.39414,4328090.88129,1.264405690995506
25573.0,353532.53599,4328090.88129,1.3513466764864952
25574.0,353572.67783,4328090.88129,1.4292186340524513
25575.0,353612.81967,4328090.88129,1.3554491566980598
25576.0,353652.9615199999,4328090.88129,1.2932263823577712
25577.0,353693.10336,4328090.88129,1.252424490446291
25578.0,353733.24520999996,4328090.88129,1.2302133905700072
25579.0,353773.38705,4328090.88129,1.2227541851165276
25580.0,353813.52889,4328090.88129,1.2326191986149464
25581.0,353853.6707400001,4328090.88129,1.2648385125807349
25582.0,353893.81258,4328090.88129,1.3182823143175348
25583.0,353933.9544300001,4328090.88129,1.317582424516419
25584.0,353974.09627,4328090.88129,1.3047445442444
25585.0,354014.23811,4328090.88129,1.274621815412752
25586.0,354054.37996,4328090.88129,1.3037753637565843
25587.0,354094.5218,4328090.88129,1.3825183802389789
25588.0,354134.66365,4328090.88129,1.4595403243058518
25589.0,354174.80549,4328090.88129,1.3864183242778096
25590.0,354214.94733,4328090.88129,1.322111427707854
25605.0,354817.07499,4328090.88129,1.900665513865598
25606.0,354857.21684,4328090.88129,1.531168149457933
25607.0,354897.35868,4328090.88129,1.3440595887971354
25608.0,354937.50053,4328090.88129,1.2520279119563722
25678.0,357747.4296,4328090.88129,0.5314307232392079
25698.0,358550.26648,4328090.88129,0.8059842981558674
25699.0,358590.40833,4328090.88129,0.8178162740202712
25708.0,358951.68491999997,4328090.88129,1.081937172241271
25835.0,352689.55726,4328131.1377,0.8870732470198822
25836.0,352729.69911,4328131.1377,0.931547989196471
25837.0,352769.84095,4328131.1377,0.8988666552427421
25838.0,352809.9827900001,4328131.1377,0.8762225145732452
25889.0,354857.21684,4328131.1377,1.206117277068382
25890.0,354897.35868,4328131.1377,1.0186401591427865
25891.0,354937.50053,4328131.1377,0.9128265782088804
25961.0,357747.4296,4328131.1377,0.6704919567778831
25962.0,357787.57145,4328131.1377,0.681775054529272
25981.0,358550.26648,4328131.1377,0.946314242649442
25982.0,358590.40833,4328131.1377,0.9657924089103376
25991.0,358951.68491999997,4328131.1377,1.3810956226715718
26117.0,352649.41542,4328171.39411,0.8817827449962189
26118.0,352689.55726,4328171.39411,0.8782552207932537
26119.0,352729.69911,4328171.39411,0.7991351703951334
26154.0,354134.66365,4328171.39411,0.8646115223483363
26174.0,354937.50053,4328171.39411,0.7148163069716635
26264.0,358550.26648,4328171.39411,1.1818875244701894
26265.0,358590.40833,4328171.39411,1.2175089285859373
26274.0,358951.68491999997,4328171.39411,1.8347082086588962
26398.0,352569.13173,4328211.65052,0.9090604908281312
26399.0,352609.27356999996,4328211.65052,0.9200468090565859
26400.0,352649.41542,4328211.65052,0.7819232199301043
26437.0,354134.66365,4328211.65052,0.7189496650562401
26457.0,354937.50053,4328211.65052,0.6012756191136479
26547.0,358550.26648,4328211.65052,1.5658476659728109
26548.0,358590.40833,4328211.65052,1.6382360236926767
26557.0,358951.68491999997,4328211.65052,2.24568918340278
26680.0,352528.98989,4328251.9069300005,1.0569006779447765
26681.0,352569.13173,4328251.9069300005,0.9123087600186932
26720.0,354134.66365,4328251.9069300005,0.6531458547000049
26721.0,354174.80549,4328251.9069300005,0.6084447101150736
26740.0,354937.50053,4328251.9069300005,0.5441115645526035
26830.0,358550.26648,4328251.9069300005,2.1387291837595983
26831.0,358590.40833,4328251.9069300005,2.252388578267846
26835.0,358750.9757,4328251.9069300005,2.1851435846516267
26836.0,358791.11755,4328251.9069300005,2.2900782785527327
26837.0,358831.25939,4328251.9069300005,2.2842467695592883
26838.0,358871.40123,4328251.9069300005,2.2390638011562225
26839.0,358911.5430800001,4328251.9069300005,2.158562281513644
26840.0,358951.68491999997,4328251.9069300005,2.176150800806766
26963.0,352528.98989,4328292.16334,0.8689006625305354
27023.0,354937.50053,4328292.16334,0.5301342899007307
27114.0,358590.40833,4328292.16334,1.7526623558520502
27115.0,358630.55017,4328292.16334,1.7788332624158747
27116.0,358670.69201,4328292.16334,1.6511585832466835
27117.0,358710.83386,4328292.16334,1.5197658486037946
27118.0,358750.9757,4328292.16334,1.4814249277093146
27119.0,358791.11755,4328292.16334,1.50642472058963
27123.0,358951.68491999997,4328292.16334,1.5666892289658747
27246.0,352528.98989,4328332.41975,0.6786176135796602
27306.0,354937.50053,4328332.41975,0.5532928269836839
27529.0,352528.98989,4328372.67616,0.5591865884731132
27589.0,354937.50053,4328372.67616,0.5855349291066881
27812.0,352528.98989,4328412.932569998,0.4789992261178386
27872.0,354937.50053,4328412.932569998,0.5166973849775454
28095.0,352528.98989,4328453.18898,0.4231941956250758
28155.0,354937.50053,4328453.18898,0.4604625136857852
28378.0,352528.98989,4328493.44539,0.38515708845128543
28438.0,354937.50053,4328493.44539,0.4264370232468127
28661.0,352528.98989,4328533.7018,0.35936411064852203
28721.0,354937.50053,4328533.7018,0.4046701075362717
28944.0,352528.98989,4328573.95821,0.34209764418980565
29004.0,354937.50053,4328573.95821,0.39549399521175865
29227.0,352528.98989,4328614.21462,0.3305606927333057
29287.0,354937.50053,4328614.21462,0.3904532385694119
29510.0,352528.98989,4328654.4710300015,0.3230025339038274
29535.0,353532.53599,4328654.4710300015,0.3108726573987231
29536.0,353572.67783,4328654.4710300015,0.3108949036041129
29537.0,353612.81967,4328654.4710300015,0.3110570187644671
29538.0,353652.9615199999,4328654.4710300015,0.3115636647182194
29539.0,353693.10336,4328654.4710300015,0.3125936495641463
29540.0,353733.24520999996,4328654.4710300015,0.31453563329032425
29541.0,353773.38705,4328654.4710300015,0.3179901610864564
29542.0,353813.52889,4328654.4710300015,0.3231039744669643
29543.0,353853.6707400001,4328654.4710300015,0.3243529517079252
29544.0,353893.81258,4328654.4710300015,0.3228673449964124
29545.0,353933.9544300001,4328654.4710300015,0.318170690975847
29546.0,353974.09627,4328654.4710300015,0.3163761325240554
29547.0,354014.23811,4328654.4710300015,0.321108775854876
29548.0,354054.37996,4328654.4710300015,0.3270082965654413
29549.0,354094.5218,4328654.4710300015,0.32800291575137186
29550.0,354134.66365,4328654.4710300015,0.3284532952086391
29551.0,354174.80549,4328654.4710300015,0.3257235344772297
29552.0,354214.94733,4328654.4710300015,0.3252895246758507
29553.0,354255.08918,4328654.4710300015,0.3292802405236832
29554.0,354295.23102,4328654.4710300015,0.3365336966845146
29555.0,354335.37286999996,4328654.4710300015,0.3501767250054175
29556.0,354375.51471,4328654.4710300015,0.37495958499628973
29557.0,354415.65655,4328654.4710300015,0.41828474000243343
29558.0,354455.7984,4328654.4710300015,0.4919881294395978
29559.0,354495.94024,4328654.4710300015,0.6146260691263824
29560.0,354536.08209,4328654.4710300015,0.8116029657474756
29561.0,354576.2239300001,4328654.4710300015,1.1130212739766574
29564.0,354696.64946,4328654.4710300015,1.6723400080409458
29565.0,354736.79131,4328654.4710300015,1.2220042773544006
29566.0,354776.93315,4328654.4710300015,0.8906367642269432
29567.0,354817.07499,4328654.4710300015,0.6683788433514803
29568.0,354857.21684,4328654.4710300015,0.5272784252772579
29569.0,354897.35868,4328654.4710300015,0.4403764851357277
29570.0,354937.50053,4328654.4710300015,0.3881808762705505
29793.0,352528.98989,4328694.7274400005,0.3181190479539276
29794.0,352569.13173,4328694.7274400005,0.31570565367868064
29795.0,352609.27356999996,4328694.7274400005,0.3140028396323656
29796.0,352649.41542,4328694.7274400005,0.3128043810397815
29797.0,352689.55726,4328694.7274400005,0.31141778356680033
29798.0,352729.69911,4328694.7274400005,0.3110671435342689
29799.0,352769.84095,4328694.7274400005,0.31052970933981017
29800.0,352809.9827900001,4328694.7274400005,0.3103281511467364
29801.0,352850.12464,4328694.7274400005,0.3104872947142505
29802.0,352890.26648,4328694.7274400005,0.3106749952068333
29803.0,352930.40833,4328694.7274400005,0.3108917927474718
29804.0,352970.55017,4328694.7274400005,0.3111341592857025
29805.0,353010.69201,4328694.7274400005,0.3113956747549865
29806.0,353050.83386,4328694.7274400005,0.31166421280996265
29807.0,353090.9757,4328694.7274400005,0.3119209084644295
29808.0,353131.11755,4328694.7274400005,0.3121407873002928
29809.0,353171.25939,4328694.7274400005,0.3122968894028333
29810.0,353211.40123,4328694.7274400005,0.3123651729338157
29811.0,353251.5430800001,4328694.7274400005,0.3123348359044478
29812.0,353291.68491999997,4328694.7274400005,0.3122237968139353
29813.0,353331.82677,4328694.7274400005,0.3120360738133663
29814.0,353371.96861,4328694.7274400005,0.3118089551822049
29815.0,353412.11045,4328694.7274400005,0.31157480939088056
29816.0,353452.2523,4328694.7274400005,0.3113648356758461
29817.0,353492.39414,4328694.7274400005,0.3112101806111245
29818.0,353532.53599,4328694.7274400005,0.3111466728282224
29819.0,353572.67783,4328694.7274400005,0.3112171730679335
29820.0,353612.81967,4328694.7274400005,0.3114729304575359
29821.0,353652.9615199999,4328694.7274400005,0.3120063385908212
29822.0,353693.10336,4328694.7274400005,0.3129470081154989
29825.0,353813.52889,4328694.7274400005,0.3241795103106886
